大分類,中分類,項目ID,評価項目名,説明文,example.com,test.example.com,dev.example.org
基本情報,基本情報,DNS_ID,DNS識別子,管理上のユニークID,DNS001,DNS002,DNS003
基本情報,基本情報,サーバ名,サーバ名称,DNSサーバの名前,example-dns01,test-dns01,aws-route53
基本情報,基本情報,IPアドレス,IPアドレス,DNSサーバのIPアドレス,192.168.1.10,192.168.2.10,AWS管理
A_ドメイン・ゾーン管理,A1_ドメイン棚卸・分類,A1-1,全ドメインリスト作成,管理しているすべてのドメインの一覧化状況。棚卸し作業の実施状況を確認。,完了_全50ドメイン管理,部分実施_テスト環境のみ,完了_AWS自動管理
A_ドメイン・ゾーン管理,A1_ドメイン棚卸・分類,A1-2,サブドメイン階層構造把握,サブドメインの階層関係の把握状況。www.example.com等の階層構造を整理。,階層化済み_3層構造,未実施,完了_サブドメイン自動
A_ドメイン・ゾーン管理,A1_ドメイン棚卸・分類,A1-3,利用状況判定,各ドメインがアクティブか休眠状態かの判定。アクセスログやレスポンス確認。,アクティブ,アクティブ,アクティブ
A_ドメイン・ゾーン管理,A1_ドメイン棚卸・分類,A1-4,用途別分類,本番環境・開発環境・テスト環境等の用途による分類。※ドメイン単位での評価（レコード単位ではない）。,本番環境,テスト環境,本番環境
A_ドメイン・ゾーン管理,A1_ドメイン棚卸・分類,A1-5,所属部門責任者,ドメインを管理する部門と責任者の特定。連絡先情報も含む。,情報システム部・田中,開発部・山田,クラウドチーム・鈴木
A_ドメイン・ゾーン管理,A1_ドメイン棚卸・分類,A1-6,重要度影響度評価,業務への影響度による重要度評価。高・中・低での分類。,高_業務クリティカル,中_開発用途,高_ミッションクリティカル
A_ドメイン・ゾーン管理,A1_ドメイン棚卸・分類,A1-7,業務機能関連付け,ドメインが支える業務機能やアプリケーションとの関連付け。,ECサイト,テスト・検証,基幹システム
A_ドメイン・ゾーン管理,A1_ドメイン棚卸・分類,A1-8,外部公開内部専用区分,インターネット公開か社内専用かの区分。セキュリティ要件に影響。,外部公開,内部専用,外部公開
A_ドメイン・ゾーン管理,A2_ドメイン有効期限管理,A2-1,更新期限管理状況,ドメインの有効期限管理方法。手動・自動・台帳管理等。,手動管理_Excel,手動管理,AWS Route53_自動
A_ドメイン・ゾーン管理,A2_ドメイン有効期限管理,A2-2,自動更新設定有無,ドメイン自動更新の設定状況。期限切れ防止対策。,無し,無し,有り_自動更新
A_ドメイン・ゾーン管理,A2_ドメイン有効期限管理,A2-3,期限切れ対策通知体制,有効期限前の通知体制。メール・システム通知等の仕組み。,メール通知のみ,無し,CloudWatch_自動通知
A_ドメイン・ゾーン管理,A2_ドメイン有効期限管理,A2-4,レジストラ別契約状況,ドメインレジストラ別の契約状況。どの業者でドメインを取得・管理しているかを記録（例：ValueDomain; お名前.com; AWS Route53; GoDaddy等）。,ValueDomain_2024年契約,同上,AWS_年契約
A_ドメイン・ゾーン管理,A2_ドメイン有効期限管理,A2-5,更新権限者特定,ドメイン更新権限を持つ担当者の特定。アカウント管理状況。,田中主任,山田,鈴木_AWSアカウント管理
A_ドメイン・ゾーン管理,A2_ドメイン有効期限管理,A2-6,更新忘れリスク評価,更新忘れによるサービス停止リスクの評価。高・中・低評価。,中リスク_担当者単一,低リスク,低リスク_AWS管理
A_ドメイン・ゾーン管理,A3_ネームサーバ構成,A3-1,権威DNSサーバ情報,権威DNSサーバの詳細情報。プライマリ・セカンダリサーバ構成。,ns1.example.com/ns2.example.com,同上,AWS Route53
A_ドメイン・ゾーン管理,A3_ネームサーバ構成,A3-2,プライマリセカンダリ構成,プライマリ・セカンダリDNSの冗長構成状況。,プライマリ・セカンダリ構成,セカンダリのみ,マルチAZ_冗長構成
A_ドメイン・ゾーン管理,A3_ネームサーバ構成,A3-3,地理的分散状況,DNSサーバの地理的分散配置状況。災害対策・性能向上。,単一サイト_東京DC,同上,グローバル_複数リージョン
A_ドメイン・ゾーン管理,A3_ネームサーバ構成,A3-4,ロードバランシング設定,DNSクエリの負荷分散設定・方式。どのような負荷分散ルールを設定しているか（例：Round-Robin; Weight; GeoDNS等）。※B3-3は実装状況を評価,ラウンドロビンDNS,無し,Weighted・Geolocation
A_ドメイン・ゾーン管理,A3_ネームサーバ構成,A3-5,フェールオーバー機能,プライマリDNS障害時の自動切替機能の構成・設計。フェールオーバー機能の有無。※B3-5は実際の切替時間・性能を評価,手動切替_5分,同上,自動フェイルオーバー
A_ドメイン・ゾーン管理,A3_ネームサーバ構成,A3-6,DNS事業者サービス種別,利用しているDNSサービス事業者とサービス種別。※A2-4はドメイン契約業者; A3-6はDNS運用業者（異なる場合有り）。,ValueDomain_有償プラン,同上,AWS Route53_マネージド
B_技術構成・性能,B1_DNSサーバソフトウェア,B1-1,利用ソフトウェア,使用しているDNSサーバソフトウェア。BIND・PowerDNS・Windows DNS等。,BIND,同上,AWS Route53
B_技術構成・性能,B1_DNSサーバソフトウェア,B1-2,バージョン情報サポート状況,DNSソフトウェアのバージョンとサポート状況。セキュリティリスク評価。,9.16.1_LTS,同上,最新版_AWS管理
B_技術構成・性能,B1_DNSサーバソフトウェア,B1-3,ライセンス状況,ソフトウェアライセンスの種類と遵守状況。商用・OSS等。,GPL,同上,AWS_マネージドサービス
B_技術構成・性能,B1_DNSサーバソフトウェア,B1-4,設定ファイル管理方式,DNS設定ファイルの管理方法。手動編集・自動化・バージョン管理等。,手動編集_vi,同上,AWS Console_API
B_技術構成・性能,B1_DNSサーバソフトウェア,B1-5,パッチ適用履歴,セキュリティパッチ・アップデートの適用履歴と頻度。,月次パッチ適用,同上,自動適用
B_技術構成・性能,B1_DNSサーバソフトウェア,B1-6,EOLサポート終了リスク,End of Life到達によるサポート終了リスクの評価。,低リスク_サポート継続,同上,無し_AWS管理
B_技術構成・性能,B2_レコード設定・管理,B2-1,各レコード種別,設定済みDNSレコードの種別。A・AAAA・MX・CNAME・TXT等。,A/AAAA/MX/CNAME/TXT,A/AAAA/CNAME,A/AAAA/MX/CNAME/TXT/ALIAS
B_技術構成・性能,B2_レコード設定・管理,B2-2,TTL設定値適切性,DNS TTL値の適切性。キャッシュ効率とリアルタイム性のバランス。,適切_300秒,デフォルト_3600秒,最適化済み
B_技術構成・性能,B2_レコード設定・管理,B2-3,設定内容整合性,DNSレコード設定の整合性チェック状況。矛盾・重複の有無（例：同じ名前で異なるIPのAレコード; CNAME重複; MX設定不備等）。,良好_整合性チェック済,未チェック,AWS管理
B_技術構成・性能,B2_レコード設定・管理,B2-4,逆引き設定状況,逆引きDNS（PTRレコード）の設定状況。メール送信等に必要。,設定済み_逆引き対応,未設定,設定済み
B_技術構成・性能,B2_レコード設定・管理,B2-5,ワイルドカード使用状況,ワイルドカードレコード（*.example.com）の使用状況と適切性。,未使用,未使用,必要に応じて使用
B_技術構成・性能,B2_レコード設定・管理,B2-6,CNAME制限チェック,CNAMEレコードの制限事項遵守状況。他レコードとの共存制限等。,適切_制限遵守,未チェック,適切_AWS管理
B_技術構成・性能,B2_レコード設定・管理,B2-7,不要レコード存在確認,使用されていない不要レコードの定期クリーニング状況。,月次クリーニング,未実施,定期自動クリーニング
B_技術構成・性能,B3_パフォーマンス・可用性,B3-1,DNS応答時間測定,DNSクエリに対する応答時間の測定結果。パフォーマンス指標。,50ms_良好,100ms_普通,10ms未満_最適
B_技術構成・性能,B3_パフォーマンス・可用性,B3-2,クエリ処理能力評価,単位時間あたりの処理可能クエリ数。負荷に対する処理能力。,高_毎分10万クエリ,低_テスト用途,高_1秒間数万クエリ
B_技術構成・性能,B3_パフォーマンス・可用性,B3-3,負荷分散状況,複数DNSサーバ間での負荷分散実装状況・実際の効果。負荷分散が正常に機能しているかの状況評価。※A3-4は設定・方式を評価,無し_単一サーバ,同上,自動負荷分散
B_技術構成・性能,B3_パフォーマンス・可用性,B3-4,冗長化レベル評価,DNSサーバの冗長化レベル評価。レベル1-4での分類。,レベル2_プライマリ・セカンダリ,レベル1,レベル4_完全冗長
B_技術構成・性能,B3_パフォーマンス・可用性,B3-5,障害時切り替え機能,障害時の自動切替機能の実際の切替時間・性能評価。RPO/RTO実績値。※A3-5は機能構成を評価,手動切替,同上,自動フェイルオーバー
B_技術構成・性能,B3_パフォーマンス・可用性,B3-6,バックアップ機能,DNS設定データのバックアップ**機能**と復旧手順の整備。技術機能の有無。※G2-2は自動化レベルを評価,週次バックアップ,同上,自動バックアップ
B_技術構成・性能,B3_パフォーマンス・可用性,B3-7,レスポンス品質監視,DNS応答品質の継続的監視体制。可用性・応答時間監視。,Zabbix監視,基本監視,CloudWatch_詳細監視
C_セキュリティ・アクセス制御,C1_DNSSEC対応,C1-1,DNSSEC署名状況,DNSSEC（DNS Security Extensions）の実装・署名状況。,未対応_計画中,同上,計画中_実装準備
C_セキュリティ・アクセス制御,C1_DNSSEC対応,C1-2,鍵管理体制ポリシー,DNSSEC署名鍵の管理体制・ポリシーの整備状況。,未策定,同上,AWS KMS管理
C_セキュリティ・アクセス制御,C1_DNSSEC対応,C1-3,検証設定状況,DNSSEC検証機能の設定状況。リゾルバでの検証設定。,未設定,同上,検討中
C_セキュリティ・アクセス制御,C1_DNSSEC対応,C1-4,DSレコード設定,上位ドメインでのDS（Delegation Signer）レコード設定状況。,無し,同上,検討中
C_セキュリティ・アクセス制御,C1_DNSSEC対応,C1-5,鍵ローテーション計画,DNSSEC署名鍵の定期的なローテーション計画・実施状況。,未策定,同上,自動化予定
C_セキュリティ・アクセス制御,C1_DNSSEC対応,C1-6,署名エラー監視,DNSSEC署名エラーやvalidation失敗の監視体制。,無し,同上,CloudWatch監視
C_セキュリティ・アクセス制御,C2_アクセス制御・認証,C2-1,管理画面認証方式,DNS管理画面・コンソールへの認証方式。Basic・多要素認証等。,Basic認証,同上,IAM認証
C_セキュリティ・アクセス制御,C2_アクセス制御・認証,C2-2,IP制限設定状況,管理アクセスのIP制限・ホワイトリスト設定状況。,社内IP制限,同上,IAM_IP制限
C_セキュリティ・アクセス制御,C2_アクセス制御・認証,C2-3,権限分離RBAC実装,Role-Based Access Control（RBAC）による権限分離実装状況。,未実装,同上,IAM_ロール・ポリシー
C_セキュリティ・アクセス制御,C2_アクセス制御・認証,C2-4,多要素認証導入,多要素認証（MFA）の導入状況。セキュリティ強化対策。,無し,同上,MFA_強制
C_セキュリティ・アクセス制御,C2_アクセス制御・認証,C2-5,API認証トークン管理,DNS API利用時の認証トークン管理状況。APIキー・OAuth等。,未実装,同上,API認証_トークン管理
C_セキュリティ・アクセス制御,C2_アクセス制御・認証,C2-6,不正アクセス検知,不正アクセス試行の検知・アラート機能。IPS・監視ツール等。,無し,同上,GuardDuty_脅威検知
C_セキュリティ・アクセス制御,C3_ログ・監査・脆弱性,C3-1,アクセスログ取得状況,DNS管理操作・アクセスログの取得・保管状況。,有り_syslog,同上,CloudTrail_全ログ
C_セキュリティ・アクセス制御,C3_ログ・監査・脆弱性,C3-2,変更履歴管理,DNS設定変更履歴の管理・追跡可能性。誰が・いつ・何を変更したか。,有り_変更管理台帳,同上,有り_Change管理
C_セキュリティ・アクセス制御,C3_ログ・監査・脆弱性,C3-3,異常検知機能,異常なDNSクエリパターン・攻撃の**基本検知機能**の有無。CloudWatch Logs異常検知・GuardDuty等。※H3-5は詳細分析を評価,基本監視,同上,CloudWatch_異常検知
C_セキュリティ・アクセス制御,C3_ログ・監査・脆弱性,C3-4,セキュリティログ分析,セキュリティログの定期的な**分析・レビュー体制**。手動分析プロセス。※G3-5は自動レポート作成を評価,月次レポート,同上,CloudWatch_セキュリティ監視
C_セキュリティ・アクセス制御,C3_ログ・監査・脆弱性,C3-5,脆弱性診断実施,DNSサーバ・設定の脆弱性診断実施状況と頻度。,年次実施,同上,AWS Inspector
C_セキュリティ・アクセス制御,C3_ログ・監査・脆弱性,C3-6,セキュリティパッチ適用,セキュリティパッチの適用体制・頻度。緊急パッチ対応手順。,月次適用,同上,自動セキュリティパッチ
D_運用・管理体制,D1_管理者・責任体制,D1-1,管理者一覧連絡先,DNS管理者・担当者の一覧と緊急連絡先情報。,田中主任_090-xxxx-xxxx,山田_開発責任者,鈴木_クラウドアーキテクト
D_運用・管理体制,D1_管理者・責任体制,D1-2,役割権限分担明確化,管理者間の役割分担・権限範囲の明確化。運用・開発・承認権限等。,明確_運用・開発分離,開発チーム内,IAM_役割分離
D_運用・管理体制,D1_管理者・責任体制,D1-3,エスカレーション体制,問題・障害発生時のエスカレーション体制・ルート。,有り_段階的エスカレーション,簡易体制,AWS Support_エンタープライズ
D_運用・管理体制,D1_管理者・責任体制,D1-4,代理代行者設定,主担当者不在時の代理・代行者設定。引継体制。,副担当・佐藤,無し,複数担当者_ローテーション
D_運用・管理体制,D1_管理者・責任体制,D1-5,組織変更時引継体制,組織変更・人事異動時の引継体制・手順の整備。,有り_引継書,無し,有り_プレイブック
D_運用・管理体制,D1_管理者・責任体制,D1-6,緊急時連絡体制,緊急時・障害時の連絡体制。24時間対応・オンコール体制。,24時間オンコール体制,営業時間のみ,24時間_AWS Support
D_運用・管理体制,D2_申請・変更管理,D2-1,申請手続きフロー,DNS変更申請の手続き・承認フロー。申請書類・システム。,メール申請フォーム,口頭依頼,AWS Console_API
D_運用・管理体制,D2_申請・変更管理,D2-2,承認者承認基準,変更承認者と承認基準・権限範囲の明確化。,田中主任_技術審査,山田,複数承認者
D_運用・管理体制,D2_申請・変更管理,D2-3,変更作業手順,DNS変更作業の詳細手順書・チェックリストの整備。,詳細手順書,簡易手順,Infrastructure as Code
D_運用・管理体制,D2_申請・変更管理,D2-4,変更影響評価プロセス,変更による影響度評価・リスクアセスメントプロセス。,影響度評価シート,無し,自動影響度評価
D_運用・管理体制,D2_申請・変更管理,D2-5,ロールバック手順,変更失敗時のロールバック手順・復旧計画の整備。,ロールバック手順書,無し,GitOps_ロールバック
D_運用・管理体制,D2_申請・変更管理,D2-6,変更タイミングメンテナンス窓口,変更作業のタイミング・メンテナンス窓口設定。影響最小化。,平日19-21時_メンテナンス窓口,開発時間内,24時間対応_自動化
D_運用・管理体制,D3_障害対応・復旧,D3-1,障害検知体制,DNS障害・異常の検知体制。監視ツール・アラート設定。,Zabbix_5分間隔,基本監視,CloudWatch_1分間隔
D_運用・管理体制,D3_障害対応・復旧,D3-2,対応手順連絡体制,障害発生時の対応手順・連絡体制。初動対応・エスカレーション。,連絡体制_メール・電話,開発チーム,AWS Support_24時間
D_運用・管理体制,D3_障害対応・復旧,D3-3,復旧時間目標RTO,障害復旧時間**目標**（RTO: Recovery Time Objective）の設定。目標値定義。※G2-3は自動復旧機能; H4-3は実績評価,4時間以内,即日対応,1時間以内_自動復旧
D_運用・管理体制,D3_障害対応・復旧,D3-4,復旧ポイント目標RPO,データ復旧ポイント**目標**（RPO: Recovery Point Objective）の設定。目標値定義。※G2-3は自動復旧機能; H4-3は実績評価,24時間以内,即日対応,5分以内_自動復旧
D_運用・管理体制,D3_障害対応・復旧,D3-5,障害原因分析改善,障害の根本原因分析・改善策実施の体制・プロセス。,根本原因分析_報告書,簡易分析,自動根本原因分析
D_運用・管理体制,D3_障害対応・復旧,D3-6,定期障害対応訓練,障害対応訓練・DR訓練の定期実施。手順検証・スキル向上。,半年毎訓練,無し,月次_カオスエンジニアリング
E_契約・コスト管理,E1_契約・ベンダー管理,E1-1,契約会社契約期間,DNS関連サービスの契約会社・契約期間の管理状況。※A2-4はドメイン契約業者; E1-1はDNSサービス運用業者（異なる場合有り）。,ValueDomain_3年契約,同上,AWS_エンタープライズ契約
E_契約・コスト管理,E1_契約・ベンダー管理,E1-2,契約条件SLA内容,SLA（Service Level Agreement）契約条件・保証レベル。,SLA99%_応答時間保証,テスト用_SLA無し,SLA99.9%_金銭保証
E_契約・コスト管理,E1_契約・ベンダー管理,E1-3,更新解約条件,契約更新・解約条件・手続き。自動更新・通知期間等。,1年自動更新_3ヶ月前通知,同上,3年契約_自動更新
E_契約・コスト管理,E1_契約・ベンダー管理,E1-4,ベンダー評価関係管理,ベンダーとの関係管理・定期評価の実施状況。,四半期評価,同上,四半期ビジネスレビュー
E_契約・コスト管理,E1_契約・ベンダー管理,E1-5,複数ベンダー依存リスク,単一ベンダー依存リスクの評価・複数ベンダー活用状況。,低リスク_メイン・バックアップ,単一ベンダー,低リスク_AWS責任共有
E_契約・コスト管理,E1_契約・ベンダー管理,E1-6,ベンダーロックイン対策,ベンダーロックイン回避策・移行可能性の確保。,代替案検討済み,同上,マルチクラウド戦略
E_契約・コスト管理,E2_コスト把握・最適化,E2-1,月額年額費用詳細,DNS関連の月額・年額費用の詳細把握。隠れコストも含む。,月額8000円_ドメイン・DNS込み,無料枠_開発用,Reserved Instance_大幅削減
E_契約・コスト管理,E2_コスト把握・最適化,E2-2,従量課金変動費用,従量課金・変動費用の把握・予測。クエリ数・トラフィック連動。,無し_固定料金,同上,従量課金_予測可能
E_契約・コスト管理,E2_コスト把握・最適化,E2-3,隠れコスト追加費用,隠れコスト・追加費用の把握。SSL証明書・サポート費用等。,SSL証明書_年額別途,同上,無し_透明性高
E_契約・コスト管理,E2_コスト把握・最適化,E2-4,コスト配賦部門別管理,部門別・プロジェクト別のコスト配賦・管理体制。,部門別配賦,開発予算,クラウド会計_タグ管理
E_契約・コスト管理,E2_コスト把握・最適化,E2-5,費用対効果分析,DNS投資の費用対効果分析・ROI評価の実施。,ROI_年次評価,同上,詳細ROI分析_四半期
E_契約・コスト管理,E2_コスト把握・最適化,E2-6,コスト最適化機会,コスト最適化の機会・改善余地の定期的な検討。,統合検討_コスト削減余地,同上,Trusted Advisor_継続最適化
F_文書化・ナレッジ管理,F1_技術文書・設計,F1-1,設計書構成図整備,DNS設計書・システム構成図の整備状況。最新性・精度。,有り_Visio図面,簡易版,有り_CloudFormation
F_文書化・ナレッジ管理,F1_技術文書・設計,F1-2,設定内容パラメータ文書,DNS設定内容・パラメータの文書化状況。設定値一覧。,有り_設定パラメータ一覧,簡易版,有り_パラメータストア
F_文書化・ナレッジ管理,F1_技術文書・設計,F1-3,技術仕様書管理,技術仕様書・要件定義書の管理・バージョン管理状況。,有り_技術仕様書v2.1,基本仕様書,有り_AWS Config
F_文書化・ナレッジ管理,F1_技術文書・設計,F1-4,ネットワーク図物理構成,ネットワーク構成図・物理構成の文書化。関連システム図。,有り_ネットワーク構成図,基本構成,有り_AWS Network図
F_文書化・ナレッジ管理,F1_技術文書・設計,F1-5,依存関係マッピング,他システム・サービスとの依存関係マッピング・影響範囲図。DNSに依存する業務アプリ; メールサーバ; Webサーバ等との関連図（例：DNS停止→Webサービス全停止の影響フロー）。,有り_依存関係図,無し,有り_Service Map
F_文書化・ナレッジ管理,F1_技術文書・設計,F1-6,アーキテクチャ決定記録,アーキテクチャ決定記録（ADR）・設計判断理由の記録。,有り_ADR形式,無し,有り_Well-Architected
F_文書化・ナレッジ管理,F2_運用手順・プロセス,F2-1,日常運用手順書,日常運用・保守作業の手順書整備。標準化・属人化解消。,有り_日常運用手順v1.2,基本手順,有り_運用Playbook
F_文書化・ナレッジ管理,F2_運用手順・プロセス,F2-2,障害対応手順書,障害対応・インシデント対応の詳細手順書整備。,有り_障害対応手順v1.1,基本手順,有り_Incident Response
F_文書化・ナレッジ管理,F2_運用手順・プロセス,F2-3,変更作業手順書,変更作業・メンテナンス作業の手順書整備。,有り_変更手順書,基本手順,有り_Change Management
F_文書化・ナレッジ管理,F2_運用手順・プロセス,F2-4,定期メンテナンス手順,定期メンテナンス作業の手順・チェックリスト。,有り_月次メンテナンス手順,無し,有り_メンテナンス自動化
F_文書化・ナレッジ管理,F2_運用手順・プロセス,F2-5,チェックリスト確認項目,作業チェックリスト・確認項目の整備。品質管理・ヒューマンエラー防止。,有り_チェックリスト,基本項目,有り_詳細チェックリスト
F_文書化・ナレッジ管理,F2_運用手順・プロセス,F2-6,作業手順標準化,作業手順の標準化・テンプレート化状況。組織内統一。,部分的_標準テンプレート,無し,完全標準化_テンプレート
F_文書化・ナレッジ管理,F3_履歴・ナレッジ,F3-1,変更履歴作業ログ,変更作業・設定変更の履歴・ログ管理。トレーサビリティ確保。,有り_Git管理,開発ログ,有り_GitOps
F_文書化・ナレッジ管理,F3_履歴・ナレッジ,F3-2,問題対応履歴,問題・インシデントの対応履歴・事例管理。,有り_インシデント管理,無し,有り_Service Now
F_文書化・ナレッジ管理,F3_履歴・ナレッジ,F3-3,ナレッジベースFAQ,技術ナレッジベース・FAQ・トラブルシューティング事例。,有り_社内Wiki,開発Wiki,有り_Confluence
F_文書化・ナレッジ管理,F3_履歴・ナレッジ,F3-4,教訓改善事項記録,障害・問題から得られた教訓・改善事項の記録・共有。,有り_教訓データベース,無し,有り_Lessons Learned
F_文書化・ナレッジ管理,F3_履歴・ナレッジ,F3-5,定期レビュー更新,文書・手順の定期的なレビュー・更新体制。最新性保持。,四半期レビュー,不定期,継続的改善_DevOps
F_文書化・ナレッジ管理,F3_履歴・ナレッジ,F3-6,文書バージョン管理,文書・手順書のバージョン管理・変更管理体制。,有り_Git_バージョン管理,無し,有り_Git_完全バージョン管理
G_監視・運用自動化,G1_監視体制・アラート,G1-1,監視項目閾値設定,DNS監視項目・閾値設定の適切性。応答時間・可用性・エラー率等。,基本監視_CPU・メモリ・応答時間,基本監視,CloudWatch_詳細メトリクス
G_監視・運用自動化,G1_監視体制・アラート,G1-2,アラート通知体制,監視アラートの通知体制・エスカレーション設定。,メール・Slack通知,メール通知,多チャンネル_PagerDuty
G_監視・運用自動化,G1_監視体制・アラート,G1-3,ダッシュボード整備,監視ダッシュボード・可視化の整備状況。リアルタイム状況把握。,Grafana_基本ダッシュボード,無し,AWS QuickSight_ダッシュボード
G_監視・運用自動化,G1_監視体制・アラート,G1-4,監視データ保管分析,監視データの保管期間・履歴分析体制。傾向分析・改善。,1ヶ月保管_ログ分析,1週間,長期保管_S3_分析可能
G_監視・運用自動化,G1_監視体制・アラート,G1-5,監視システム冗長化,監視システム自体の冗長化・可用性確保。監視の監視。,単一構成_冗長化予定,無し,完全冗長_マルチAZ
G_監視・運用自動化,G1_監視体制・アラート,G1-6,監視漏れ盲点確認,監視漏れ・盲点の定期的な確認・改善。監視品質向上。※G1-1は監視設定; H3-1は実トラフィック分析を評価。,定期点検_盲点チェック,無し,AI監視_異常検知
G_監視・運用自動化,G2_自動化・効率化,G2-1,設定変更自動化,DNS設定変更の自動化レベル。Infrastructure as Code対応。,無し_手動運用,無し,Infrastructure as Code
G_監視・運用自動化,G2_自動化・効率化,G2-2,バックアップ自動化,DNS設定・データの自動バックアップ**体制・自動化レベル**。運用自動化の程度。※B3-6は技術機能を評価,無し_手動バックアップ,無し,自動バックアップ_スナップショット
G_監視・運用自動化,G2_自動化・効率化,G2-3,復旧自動化セルフヒーリング,障害時の**自動復旧・セルフヒーリング機能**の実装レベル。技術実装。※D3-3,D3-4は目標設定; H4-3は実績評価,無し_手動復旧,無し,Auto Scaling_自己修復
G_監視・運用自動化,G2_自動化・効率化,G2-4,定期タスク自動実行,定期的なメンテナンスタスクの自動実行。cron・スケジューラ活用。,cron_基本タスク,無し,EventBridge_自動化
G_監視・運用自動化,G2_自動化・効率化,G2-5,CICD統合デプロイ自動化,CI/CD統合によるDNS設定のデプロイ自動化。DevOps実践。,無し_手動デプロイ,無し,CI/CD_完全自動化
G_監視・運用自動化,G2_自動化・効率化,G2-6,インシデント自動エスカレーション,インシデントの自動エスカレーション・対応自動化。,無し_手動エスカレーション,無し,自動エスカレーション_PagerDuty
G_監視・運用自動化,G3_レポーティング・分析,G3-1,定期レポート自動作成,DNS運用状況の定期レポート自動作成・配信。,月次レポート_手動作成,無し,自動レポート_QuickSight
G_監視・運用自動化,G3_レポーティング・分析,G3-2,KPI測定トレンド分析,KPI（Key Performance Indicator）測定・トレンド分析。,基本KPI_可用性のみ,無し,詳細KPI_ダッシュボード
G_監視・運用自動化,G3_レポーティング・分析,G3-3,改善提案推奨事項,データ分析に基づく改善提案・推奨事項の自動生成。,年次改善提案,無し,AI推奨_継続改善
G_監視・運用自動化,G3_レポーティング・分析,G3-4,可用性性能レポート,可用性・性能に関する詳細レポート・SLA監視。,月次可用性レポート,無し,SLA監視_自動レポート
G_監視・運用自動化,G3_レポーティング・分析,G3-5,セキュリティレポート,セキュリティ監視・脅威分析レポートの自動作成。,基本セキュリティ監視,無し,Security Hub_統合監視
G_監視・運用自動化,G3_レポーティング・分析,G3-6,コストレポート最適化提案,コスト分析・最適化提案レポートの自動作成。,四半期コスト分析,無し,詳細コスト分析_予測
H_DNS環境可視化・関連性,H1_サービス・アプリケーション関連性,H1-1,ドメインアプリケーション対応表,DNSドメインと業務アプリケーションの対応関係の整理・可視化。どのドメインがどの業務システムで使われているかの一覧表（例：sales.example.com→営業管理システム、hr.example.com→人事システム）。,有り_業務アプリ対応表,テスト用_簡易対応,完全対応表_Service Catalog
H_DNS環境可視化・関連性,H1_サービス・アプリケーション関連性,H1-2,WebサービスAPIエンドポイント関連,WebサービスAPI・エンドポイントとDNSの関連付け管理。REST API・GraphQL等のエンドポイントURL（例：api.example.com/v1/users）とDNSレコードの対応関係管理。,有り_API_3システム,無し,マイクロサービス_完全対応
H_DNS環境可視化・関連性,H1_サービス・アプリケーション関連性,H1-3,メールシステムMXレコード関連,メールシステム・MXレコードとの関連付け・依存関係。メール送受信で使用するMXレコード（例：example.com MX 10 mail.example.com）とメールサーバ・メールサービスの対応関係管理。,有り_メール配信システム,無し,SES_大規模配信
H_DNS環境可視化・関連性,H1_サービス・アプリケーション関連性,H1-4,CDNロードバランサ関連,CDN・ロードバランサーとDNSの関連付け・連携状況。DNS設定とCDNエッジサーバ・ロードバランサの連携管理（例：www.example.com→CloudFront→オリジンサーバ）。,CloudFlare併用,無し,CloudFront_グローバル
H_DNS環境可視化・関連性,H1_サービス・アプリケーション関連性,H1-5,マイクロサービス間通信利用状況,マイクロサービスアーキテクチャでのDNS利用・サービス間通信。Service A→Service B間でのDNS名前解決使用状況（例：user-service.internal→order-service.internal）。,未使用_モノリス構成,無し,Service Mesh_完全対応
H_DNS環境可視化・関連性,H1_サービス・アプリケーション関連性,H1-6,外部サービス連携DNS依存関係,外部サービス・API連携でのDNS依存関係の整理。自社システムが外部API（例：payment-api.stripe.com、api.github.com）を呼び出す際のDNS依存関係管理。,有り_外部API_5システム,同上,完全統合_API Gateway
H_DNS環境可視化・関連性,H2_インフラ・ネットワーク関連性,H2-1,クラウドサービス利用状況,クラウドサービス（AWS Route53、Azure DNS等）の利用状況。,AWS Route53併用,同上,AWS_ネイティブ
H_DNS環境可視化・関連性,H2_インフラ・ネットワーク関連性,H2-2,オンプレハイブリッドクラウド構成,オンプレミス・ハイブリッドクラウド構成でのDNS設計。,オンプレメイン_クラウド副,同上,マルチクラウド_ハイブリッド
H_DNS環境可視化・関連性,H2_インフラ・ネットワーク関連性,H2-3,VPN専用線DNS解決経路,VPN・専用線経由でのDNS解決経路・設定。,社内VPN経由,同上,VPC_Transit Gateway
H_DNS環境可視化・関連性,H2_インフラ・ネットワーク関連性,H2-4,内部DNS連携,内部DNS（Active Directory等）との連携・フォワーディング設定。,Active Directory連携,同上,AWS Directory Service
H_DNS環境可視化・関連性,H2_インフラ・ネットワーク関連性,H2-5,プロキシファイアウォールDNS処理,プロキシ・ファイアウォールでのDNS処理・フィルタリング設定。,プロキシ経由_設定要確認,未設定,AWS WAF_Application LB
H_DNS環境可視化・関連性,H2_インフラ・ネットワーク関連性,H2-6,コンテナKubernetes環境DNS設定,コンテナ・Kubernetes環境でのDNS設定・CoreDNS等。,未対応_コンテナ未使用,未対応,EKS_完全対応
H_DNS環境可視化・関連性,H3_利用実態・トラフィック分析,H3-1,DNSクエリ量利用パターン分析,DNSクエリ量・利用パターンの分析。時間帯別・種別別分析。,中程度_1日10万クエリ,低_テスト用途,高トラフィック_Auto Scaling
H_DNS環境可視化・関連性,H3_利用実態・トラフィック分析,H3-2,地理的アクセス分布,DNSクエリの地理的アクセス分布・国別・地域別分析。,国内中心_一部海外,同上,グローバル_複数リージョン
H_DNS環境可視化・関連性,H3_利用実態・トラフィック分析,H3-3,ピーク時オフ時負荷変動,ピーク時・オフ時の負荷変動パターン・スケーラビリティ対応。,平日ピーク_夜間低下,同上,動的スケーリング
H_DNS環境可視化・関連性,H3_利用実態・トラフィック分析,H3-4,モバイルデスクトップ別アクセス特性,モバイル・デスクトップ別のアクセス特性・DNSキャッシュ影響。,PC中心_モバイル20%,同上,モバイル最適化_CloudFront
H_DNS環境可視化・関連性,H3_利用実態・トラフィック分析,H3-5,異常クエリ攻撃パターン検知,異常なDNSクエリ・攻撃パターンの**詳細分析・特定攻撃対策**。DDoS・増幅攻撃等の具体的対策。※C3-3は基本検知機能を評価,基本検知_閾値監視,無し,AWS WAF_完全保護
H_DNS環境可視化・関連性,H3_利用実態・トラフィック分析,H3-6,キャッシュ効果TTL最適化状況,DNSキャッシュ効果・TTL最適化状況の分析・調整。,デフォルト設定_最適化余地,同上,AI最適化_Route53
H_DNS環境可視化・関連性,H4_依存関係・影響範囲,H4-1,上流下流依存関係,アップストリーム・ダウンストリームシステムとの依存関係マップ。DNS名前解決の流れ図：上流（権威DNSサーバ・レジストラ・ISP）→DNS→下流（Webサーバ・アプリサーバ・DBサーバ等）の依存関係可視化。,上流_ISP_下流_Webサーバ群,同上,完全マップ_X-Ray
H_DNS環境可視化・関連性,H4_依存関係・影響範囲,H4-2,単一点障害SPOF特定,単一点障害（Single Point of Failure）の特定・リスク評価。,有り_単一DNS,同上,無し_クラウドネイティブ
H_DNS環境可視化・関連性,H4_依存関係・影響範囲,H4-3,障害時影響範囲ユーザ影響度,DNS障害時の影響範囲・ユーザ影響度の**実績評価・定量化**。実際のパフォーマンス。※D3-3,D3-4は目標設定、G2-3は技術実装,中影響度_1時間以内復旧目標,同上,高可用性_99.99%
H_DNS環境可視化・関連性,H4_依存関係・影響範囲,H4-4,災害復旧DR時DNS切替計画,災害復旧（DR）時のDNS切替計画・手順・テスト実施。,無し_計画策定予定,同上,完全自動_Auto Scaling
H_DNS環境可視化・関連性,H4_依存関係・影響範囲,H4-5,メンテナンス時影響最小化対策,メンテナンス時の影響最小化対策・ゼロダウンタイム実現。,営業時間_影響最小化,同上,完全自動_災害復旧
H_DNS環境可視化・関連性,H4_依存関係・影響範囲,H4-6,他システム連鎖障害リスク,DNS障害による他システムへの連鎖障害リスクの評価・対策。,有り_DB・メール連鎖リスク,同上,ゼロダウンタイム_自動切替
I_DNS環境統合・標準化,I1_標準化・ガバナンス,I1-1,ドメイン命名規則標準化状況,組織全体でのドメイン命名規則・標準化状況。一貫性確保。,部分実装_主要ドメインのみ,同上,自動影響分析_予測
I_DNS環境統合・標準化,I1_標準化・ガバナンス,I1-2,DNSサーバ構成標準テンプレート,DNSサーバ構成・設定の標準テンプレート・ひな形整備。※I1-1は命名規則、I1-4は運用手順の標準化を評価。,無し_検討予定,同上,完全標準化_企業全体
I_DNS環境統合・標準化,I1_標準化・ガバナンス,I1-3,セキュリティポリシー統一状況,DNS関連セキュリティポリシーの統一・標準化状況。,部分統一_ベースライン策定中,同上,標準テンプレート_全社適用
I_DNS環境統合・標準化,I1_標準化・ガバナンス,I1-4,運用手順プロセス標準化,DNS運用手順・プロセスの標準化・統一状況。,部分標準化_手順統一中,同上,統一ポリシー_全社標準
I_DNS環境統合・標準化,I1_標準化・ガバナンス,I1-5,設定管理バージョン管理統一,DNS設定管理・バージョン管理の統一・標準化。,部分統一_Git一部導入,同上,完全標準化_DevOps
I_DNS環境統合・標準化,I1_標準化・ガバナンス,I1-6,監査コンプライアンス対応,DNS関連の監査・コンプライアンス対応・証跡管理。,基本対応_年次監査,同上,完全統一_GitOps
I_DNS環境統合・標準化,I2_統合・移行計画,I2-1,DNS環境統合集約計画,分散したDNS環境の統合・集約計画・ロードマップ。,無し_現状維持,同上,完全対応_SOC準拠
I_DNS環境統合・標準化,I2_統合・移行計画,I2-2,レガシーシステム移行対応,レガシーDNSシステムの移行・廃止計画・影響評価。,無し_レガシー継続,同上,完全統合計画_進行中
I_DNS環境統合・標準化,I2_統合・移行計画,I2-3,クラウドマイグレーション計画,クラウドDNS（AWS Route53等）への移行計画・段階的実施。,検討中_AWS移行計画,同上,クラウドネイティブ_完了
I_DNS環境統合・標準化,I2_統合・移行計画,I2-4,事業者統合変更リスク,DNS事業者統合・変更時のリスク評価・軽減対策。,低リスク_単一ベンダー,同上,完全移行_AWS Well-Architected
I_DNS環境統合・標準化,I2_統合・移行計画,I2-5,段階的移行リスク管理,段階的移行時のリスク管理・ロールバック計画。,無し_段階計画策定予定,同上,無し_AWSネイティブ
I_DNS環境統合・標準化,I2_統合・移行計画,I2-6,移行後運用体制見直し,移行後の運用体制・責任分担・スキル要件見直し。,無し_体制維持,同上,完全自動化_段階的
I_DNS環境統合・標準化,I3_将来性・拡張性,I3-1,IPv6対応状況計画,IPv6対応状況・移行計画・デュアルスタック対応。,対応済み_AAAA,同上,完全最適化_継続改善
I_DNS環境統合・標準化,I3_将来性・拡張性,I3-2,新技術DoHDoT対応計画,新技術（DoH・DoT・DNS over QUIC等）対応計画・評価。,検討中_DoH試験導入,同上,完全対応_IPv6
I_DNS環境統合・標準化,I3_将来性・拡張性,I3-3,事業拡大スケーラビリティ,事業拡大に伴うDNSスケーラビリティ・容量計画。,対応予定_サーバ増強,同上,完全対応_DoH・DoT
I_DNS環境統合・標準化,I3_将来性・拡張性,I3-4,グローバル展開DNS戦略,グローバル展開時のDNS戦略・地域分散・パフォーマンス最適化。,無し_国内展開のみ,同上,Auto Scaling_無制限
I_DNS環境統合・標準化,I3_将来性・拡張性,I3-5,セキュリティ脅威将来対応,将来のセキュリティ脅威に対するDNS対応・量子暗号・ゼロトラスト等。,基本対応_パッチ管理,同上,グローバル展開_完全対応
I_DNS環境統合・標準化,I3_将来性・拡張性,I3-6,次世代DNS技術評価導入検討,次世代DNS技術（AI・機械学習活用等）の評価・導入検討。,無し_現技術継続,同上,AI・ML_継続改善
評価サマリー,評価サマリー,総合評価,総合評価点数,168項目の総合評価点数（100点満点）,78点,45点,95点
評価サマリー,評価サマリー,リスクレベル,総合リスクレベル,リスク評価（高・中・低リスク）,中リスク,低リスク,低リスク
評価サマリー,評価サマリー,優先対応事項,優先対応事項,最優先で対応すべき課題・改善事項,DNSSEC対応・冗長化強化,本番環境への適用検討,AI予測_継続進化
評価サマリー,評価サマリー,備考,備考欄,特記事項・補足情報・今後の計画等,単一点障害・セキュリティ強化要,テスト環境_影響限定,継続最適化・AI活用推進